1,INTRO,Introduction
2,INTRO_CLIMATE_CHANGE,What is Climate Change?
3,ENERGY_BALANCE,Energy Balance and Climate
4,LAYER_GREENHOUSE,Greenhouse Effect
5,GREENHOUSE_GASES,Greenhouse Gases
6,ATMOS_SPECTRUM,Spectrum of Atmospheric Radiation
7,VERTICAL_STRUCTURE,Vertical Structure of the Atmosphere
8,CONVECTION,Atmospheric Convection
9,GREENHOUSE_REVIEW,Review of Greenhouse Effect
10,WEATHER_CLIMATE,Weather and Climate
11,FEEDBACKS,Feedbacks
12,OCEAN_BIOSPHERE_FEEDBACKS,Ocean and Biosphere Feedbacks
13,TEST_1,Test #1
14,OCEAN_BREATHES,The Carbon Cycle: Ocean and Biosphere
15,ROCKS_BREATHE,The Carbon Cycle: Mineral Weathering
16,PERTURBED_CARBON,Perturbing the Carbon Cycle
17,CARBONATE_BUFFERING,Ocean Acidification
18,ISOTOPES,Isotopes
19,PALEO_PROXIES,Climates of the Past
20,PLEISTOCENE,The Pleistocene Ice Ages
21,DETECTION_ATTRIBUTION,Human Impact on Climate: The Evidence
22,REVIEW,
23,CLIMATE_FALLACIES,Identifying Fallacies about Climate Change
24,CRANKY_UNCLE_GAME,Climate Fallacies Game
25,TEST_2,
26,CLIMATE_MODELS,Climate Models
27,FUTURE_CLIMATES,Future Climate Change
28,KAYA_IDENTITY,The Kaya Identity
29,SCENARIOS_PATHWAYS,Future Emission Scenarios
30,UNCERTAINTY,Uncertainty about Future Climates
31,POLICY_MYTHS,Policy Myths
32,RENEWABLE_ENERGY,Renewable Energy
33,NUCLEAR_ENERGY,Nuclear Energy
34,GEOENGINEERING_SOLAR_RADIATION,Geoengineering: Solar Radiation Management
35,GEOENGINEERING_CARBON_CAPTURE,Geoengineering: Carbon Dioxide Management
36,REVIEW,
37,TEST_3,
38,IMPACTS_FOOD_HEALTH,"Climate Change, Agriculture, and Health"
39,IMPACTS_OCEANS,"Climate and Oceans: Hurricanes, Sea-level, etc."
40,DAMAGE_ASSESSMENT,Assessing Climate Damage
41,CLIMATE_POLICY_HISTORY,History of Climate Policy
42,CLIMATE_POLICY_FUTURES,Future Possibilities
,,
,,
,,
,GEOENGINEERING_SOLAR_RADIATION,Geoengineering: Solar Radiation Management
,GEOENGINEERING_CARBON_CAPTURE,Geoengineering: Carbon Dioxide Management
